letters#organization#nickname#founding date#founding university#type
ακδφ#alpha kappa delta phi 1#kdphi#1990 - 02 - 07#university of california , berkeley#sorority
αφγ#alpha phi gamma 1#aphig#1994 - 02 - 01#california state polytechnic university , pomona#sorority
αψρ#alpha psi rho#apsirho or rho doggs#2000 - 03 - 01#san diego state university#fraternity
ασλ#alpha sigma lambda#alpha sigs#1993 - 10 - 15#california state polytechnic university , pomona#fraternity
ασρ#alpha sigma rho#alphas , asr or alpha sigs#1998 - 04 - 02#university of georgia#sorority
βπφ#beta pi phi#betas or betafish#2005 - 12 - 15#temple university#fraternity
βυδ#beta upsilon delta#buds#1998 - 8 - 21#university of california , riverside#fraternity
βωφ#beta omega phi#betas#1965 - 00 - 00#california state university , los angeles#fraternity
γβ#gamma beta#gbs#2000 - 05 - 01#university of texas at austin#fraternity
γεω#gamma epsilon omega#gammas#1963 - 00 - 00#university of southern california#fraternity
δχψ#delta chi psi#deltas or dxpsi#2004 - 12 - 18#temple university#fraternity
δλχ#delta lambda chi#dlc#2002 - 02 - 09#university of california , irvine#sorority
δφκ#delta phi kappa#deltas#1960 - 05 - 06#university of southern california#sorority
δφλ#delta phi lambda 1#dphil#1998 - 12 - 05#university of georgia#sorority
ζφρ#zeta phi rho#zetas#1995 - 08 - 10#california state university , long beach#fraternity
θδβ#theta delta beta#thetas or the dark boyz#1990 - 00 - 00#university of california , irvine#fraternity
θκφ#theta kappa phi#thetas#1959 - 00 - 00#university of california , los angeles#sorority
κζφ#kappa zeta phi#kappas#1960 - 12 - 00#california state university , los angeles#sorority
κφλ#kappa phi lambda 1#kappas or kpl#1995 - 03 - 09#suny binghamton#sorority
κπβ#kappa pi beta#kpib#2000 - 03 - 16#northern illinois university#fraternity
κγδ#kappa gamma delta#kgd#1997 - 04 - 17#indiana university bloomington#sorority
λφε#lambda phi epsilon 1 2#lambdas or lphie#1981 - 02 - 25#university of california , los angeles#fraternity
λθδ#lambda theta delta#ltd#1983 - 03 - 02#university of california , irvine#fraternity
ναφ#nu alpha phi#nappies#1994 - 03 - 18#state university of new york at albany#fraternity
ξκ#xi kappa#xk#1998 - 02 - 28#university of georgia#fraternity
φδσ#phi delta sigma#phi sig or fds#2007 - 08 - 07#university of maryland , college park#fraternity
παφ#pi alpha phi 1#paphi 's or pineapples#1929 - 02 - 01#university of california , berkeley#fraternity
πδψ#pi delta psi 1#pdpsi#1994 - 02 - 20#state university of new york at binghamton#fraternity
ρψ#rho psi#su yu she#1916 - 00 - 00#cornell university#fraternity
ρδχ#rho delta chi#rhos#1991 - 01 - 17#university of california , riverside#sorority
σοπ#sigma omicron pi 1#sopi#1930 - 00 - 00#san francisco state university#sorority
σφω#sigma phi omega#sigmas#1949 - 00 - 00#university of southern california#sorority
σψζ#sigma psi zeta 1#syz or sigmas#1994 - 03 - 23#university at albany#sorority
χαδ#chi alpha delta#chis#1928 - 00 - 00#university of california , los angeles#sorority
χδθ#chi delta theta#chi delts#1989 - 10 - 13#university of california , santa barbara#sorority
χστ#chi sigma tau 1#chi sigs or cst#1999 - 09 - 09#university of illinois at chicago#fraternity
ψχω#psi chi omega#psi chi 's#1992 - 01 - 24#university of california , san diego#fraternity
ωφγ#omega phi gamma#omegas#1995 - 05 - 21#university of texas at austin#fraternity
