school#location#mascot#county#year joined#year left#conference joined
brook#brook#aces#56 newton#1955#1966#none (consolidated into south newton )
brookston#brookston#bombers#91 white#1955#1965#none (consolidated into frontier )
camden#camden#red devils#08 carroll#1955#1965#none (consolidated into delphi
fowler#fowler#bulldogs#04 benton#1955#1968#none (consolidated into benton central )
kentland#kentland#blue devils#56 newton#1955#1966#none (consolidated into south newton )
monon#monon#railroaders#91 white#1955#1963#none (consolidated into north white )
royal center#royal center#bulldogs#09 cass#1955#1963#none (consolidated into pioneer )
wolcott#wolcott#wildcats#91 white#1955#1971#none (consolidated into tri - county )
francesville#francesville#zebras#66 pulaski#1957#1965#none (consolidated into west central )
klondike#west lafayette#nuggets#79 tippecanoe#1961#1970#none (consolidated into harrison )
demotte#demotte#indians#37 jasper#1967#1970#none (consolidated into kankakee valley )
north newton#morocco#spartans#56 newton#1967#1975#northwest hoosier
west central#medaryville#trojans#66 pulaski#1967#1975#northwest hoosier
kankakee valley#wheatfield#kougars#37 jasper#1970#1972#northwest hoosier
carroll#flora#cougars#08 carroll#1977#1992#hoosier heartland
rossville#rossville#hornets#12 clinton#1977#1989#hoosier heartland
